name,location,facilities,popular_activities
Agonda Beach,Agonda,Restaurants,Swimming, Surfing, Sunbathing
Anjuna Beach,Anjuna,Restaurants,Beach Parties,Parasailing
Arambol Beach,Arambol,Restaurants,Paragliding,Jet Skiing,Yoga
Baga Beach,Baga,Restaurants,Water Sports,Beach Parties
Benaulim Beach,Benaulim,Restaurants,Swimming, Sunbathing, Beach Walks
Calangute Beach,Calangute,Restaurants,Water Sports,Beach Parties
Colva Beach,Colva,Restaurants,Swimming, Sunbathing, Beach Walks
Candolim Beach,Candolim,Restaurants,Water Sports,Beach Parties
Dona Paula Beach,Dona Paula,Restaurants,Water Sports,Beach Walks
Miramar Beach,Miramar,Restaurants,Beach Walks, Sunset Views
Morjim Beach,Morjim,Restaurants,Turtle Watching,Paragliding
Palolem Beach,Palolem,Restaurants,Kayaking,Beach Parties
Sinquerim Beach,Sinquerim,Restaurants,Water Sports,Beach Walks
Vagator Beach,Vagator,Restaurants,Beach Parties,Paragliding
Beach Name,Location,Facilities,Popular Activities
Calangute Beach,Calangute,Restaurants,Parasailing, Water Sports
Baga Beach,Baga,Restaurants,Jet Skiing, Banana Boat Ride
Anjuna Beach,Anjuna,Shacks,Swimming, Sunbathing
Colva Beach,Colva,Hotels,Beach Volleyball, Water Sports
Palolem Beach,Palolem,Restaurants,Boating, Kayaking
Morjim Beach,Morjim,Resorts,Dolphin Spotting, Yoga
Arambol Beach,Arambol,Shacks,Paragliding, Beach Parties
Vagator Beach,Vagator,Hotels,Snorkeling, Sunbathing
Candolim Beach,Candolim,Restaurants,Water Scooter Rides, Beach Yoga
Majorda Beach,Majorda,Resorts,Beach Football, Beach Volleyball
